about,0
other,1
which,2
their,3
there,4
first,5
would,6
these,7
click,8
price,9
state,10
email,11
world,12
music,13
after,14
video,15
where,16
books,17
links,18
years,19
order,20
items,21
group,22
under,23
games,24
could,25
great,26
hotel,27
store,28
terms,29
right,30
local,31
those,32
using,33
phone,34
forum,35
based,36
black,37
check,38
index,39
being,40
women,41
today,42
south,43
pages,44
found,45
house,46
photo,47
power,48
while,49
three,50
total,51
place,52
think,53
north,54
posts,55
media,56
water,57
since,58
guide,59
board,60
white,61
small,62
times,63
sites,64
level,65
hours,66
image,67
title,68
shall,69
class,70
still,71
money,72
every,73
visit,74
tools,75
reply,76
value,77
press,78
learn,79
print,80
stock,81
point,82
sales,83
large,84
table,85
start,86
model,87
human,88
movie,89
march,90
yahoo,91
going,92
study,93
staff,94
again,95
april,96
never,97
users,98
topic,99
